{"$schema":"http://schema.management.azure.com/schemas/2015-01-01/deploymentTemplate.json#","contentVersion":"1.0.0.0","parameters":{"factoryName":{"type":"string","metadata":"Data Factory name"},"ls_blob":{"type":"string"}},"variables":{"factoryId":"[concat('Microsoft.DataFactory/factories/', parameters('factoryName'))]"},"resources":[{"name":"[concat(parameters('factoryName'), '/copy_container_data')]","type":"Microsoft.DataFactory/factories/pipelines","apiVersion":"2018-06-01","properties":{"activities":[{"name":"container_data_copy","type":"Copy","dependsOn":[],"policy":{"timeout":"0.12:00:00","retry":0,"retryIntervalInSeconds":30,"secureOutput":false,"secureInput":false},"userProperties":[],"typeProperties":{"source":{"type":"DelimitedTextSource","storeSettings":{"type":"AzureBlobStorageReadSettings","recursive":true,"enablePartitionDiscovery":false},"formatSettings":{"type":"DelimitedTextReadSettings"}},"sink":{"type":"DelimitedTextSink","storeSettings":{"type":"AzureBlobStorageWriteSettings","copyBehavior":"PreserveHierarchy"},"formatSettings":{"type":"DelimitedTextWriteSettings","quoteAllText":true,"fileExtension":".txt"}},"enableStaging":false,"translator":{"type":"TabularTranslator","mappings":[{"source":{"name":"Class","type":"String","physicalType":"String"},"sink":{"name":"Class","type":"String","physicalType":"String"}},{"source":{"name":"Survived","type":"String","physicalType":"String"},"sink":{"name":"Survived","type":"String","physicalType":"String"}},{"source":{"name":"Died","type":"String","physicalType":"String"},"sink":{"name":"Died","type":"String","physicalType":"String"}},{"source":{"name":"Survived_Percentage","type":"String","physicalType":"String"},"sink":{"name":"Survived_Percentage","type":"String","physicalType":"String"}},{"source":{"name":"Died_Percentage","type":"String","physicalType":"String"},"sink":{"name":"Died_Percentage","type":"String","physicalType":"String"}}],"typeConversion":true,"typeConversionSettings":{"allowDataTruncation":true,"treatBooleanAsNumber":false}}},"inputs":[{"referenceName":"container1_dataset","type":"DatasetReference","parameters":{}}],"outputs":[{"referenceName":"container2_dataset","type":"DatasetReference","parameters":{}}]}],"policy":{"elapsedTimeMetric":{}},"annotations":[]},"dependsOn":["[concat(variables('factoryId'), '/datasets/container1_dataset')]","[concat(variables('factoryId'), '/datasets/container2_dataset')]"]},{"name":"[concat(parameters('factoryName'), '/container1_dataset')]","type":"Microsoft.DataFactory/factories/datasets","apiVersion":"2018-06-01","properties":{"linkedServiceName":{"referenceName":"[parameters('ls_blob')]","type":"LinkedServiceReference"},"annotations":[],"type":"DelimitedText","typeProperties":{"location":{"type":"AzureBlobStorageLocation","fileName":"titanic_data.csv","container":"container1"},"columnDelimiter":",","escapeChar":"\\","firstRowAsHeader":true,"quoteChar":"\""},"schema":[{"name":"Class","type":"String"},{"name":"Survived","type":"String"},{"name":"Died","type":"String"},{"name":"Survived_Percentage","type":"String"},{"name":"Died_Percentage","type":"String"}]},"dependsOn":[]},{"name":"[concat(parameters('factoryName'), '/container2_dataset')]","type":"Microsoft.DataFactory/factories/datasets","apiVersion":"2018-06-01","properties":{"linkedServiceName":{"referenceName":"[parameters('ls_blob')]","type":"LinkedServiceReference"},"annotations":[],"type":"DelimitedText","typeProperties":{"location":{"type":"AzureBlobStorageLocation","container":"container2"},"columnDelimiter":",","escapeChar":"\\","firstRowAsHeader":true,"quoteChar":"\""},"schema":[]},"dependsOn":[]}]}