{"$schema":"http://schema.management.azure.com/schemas/2015-01-01/deploymentTemplate.json#","contentVersion":"1.0.0.0","parameters":{"factoryName":{"type":"string","metadata":"Data Factory name"},"ls_blob":{"type":"string"}},"variables":{"factoryId":"[concat('Microsoft.DataFactory/factories/', parameters('factoryName'))]"},"resources":[{"name":"[concat(parameters('factoryName'), '/copyonlycsv')]","type":"Microsoft.DataFactory/factories/pipelines","apiVersion":"2018-06-01","properties":{"activities":[{"name":"copyallcsv","description":"Copies all CSV files from one folder to another in same container.","type":"Copy","dependsOn":[],"policy":{"timeout":"0.12:00:00","retry":0,"retryIntervalInSeconds":30,"secureOutput":false,"secureInput":false},"userProperties":[],"typeProperties":{"source":{"type":"DelimitedTextSource","storeSettings":{"type":"AzureBlobStorageReadSettings","recursive":true,"wildcardFolderPath":"allfiles","wildcardFileName":"*.csv","enablePartitionDiscovery":false},"formatSettings":{"type":"DelimitedTextReadSettings"}},"sink":{"type":"DelimitedTextSink","storeSettings":{"type":"AzureBlobStorageWriteSettings"},"formatSettings":{"type":"DelimitedTextWriteSettings","quoteAllText":true,"fileExtension":".csv"}},"enableStaging":false,"translator":{"type":"TabularTranslator","typeConversion":true,"typeConversionSettings":{"allowDataTruncation":true,"treatBooleanAsNumber":false}}},"inputs":[{"referenceName":"copy2input","type":"DatasetReference","parameters":{}}],"outputs":[{"referenceName":"copy2output","type":"DatasetReference","parameters":{}}]}],"policy":{"elapsedTimeMetric":{}},"annotations":[]},"dependsOn":["[concat(variables('factoryId'), '/datasets/copy2input')]","[concat(variables('factoryId'), '/datasets/copy2output')]"]},{"name":"[concat(parameters('factoryName'), '/copy2input')]","type":"Microsoft.DataFactory/factories/datasets","apiVersion":"2018-06-01","properties":{"linkedServiceName":{"referenceName":"[parameters('ls_blob')]","type":"LinkedServiceReference"},"annotations":[],"type":"DelimitedText","typeProperties":{"location":{"type":"AzureBlobStorageLocation","fileName":"*.csv","folderPath":"allfiles","container":"copy2"},"columnDelimiter":",","escapeChar":"\\","firstRowAsHeader":true,"quoteChar":"\""},"schema":[{"name":"Class_ID","type":"String"},{"name":"Trainer_ID","type":"String"},{"name":"Class_Name","type":"String"},{"name":"Class_Description","type":"String"},{"name":"Class_Day","type":"String"},{"name":"Class_Time","type":"String"},{"name":"Class_Duration","type":"String"},{"name":"Class_Level","type":"String"},{"name":"Max_Capacity","type":"String"}]},"dependsOn":[]},{"name":"[concat(parameters('factoryName'), '/copy2output')]","type":"Microsoft.DataFactory/factories/datasets","apiVersion":"2018-06-01","properties":{"linkedServiceName":{"referenceName":"[parameters('ls_blob')]","type":"LinkedServiceReference"},"annotations":[],"type":"DelimitedText","typeProperties":{"location":{"type":"AzureBlobStorageLocation","folderPath":"csv","container":"copy2"},"columnDelimiter":",","escapeChar":"\\","firstRowAsHeader":true,"quoteChar":"\""},"schema":[{"name":"Class_ID","type":"String"},{"name":"Trainer_ID","type":"String"},{"name":"Class_Name","type":"String"},{"name":"Class_Description","type":"String"},{"name":"Class_Day","type":"String"},{"name":"Class_Time","type":"String"},{"name":"Class_Duration","type":"String"},{"name":"Class_Level","type":"String"},{"name":"Max_Capacity","type":"String"}]},"dependsOn":[]}]}