{"$schema":"http://schema.management.azure.com/schemas/2015-01-01/deploymentTemplate.json#","contentVersion":"1.0.0.0","parameters":{"factoryName":{"type":"string","metadata":"Data Factory name"},"ls_adls":{"type":"string"},"ls_sqldb":{"type":"string"}},"variables":{"factoryId":"[concat('Microsoft.DataFactory/factories/', parameters('factoryName'))]"},"resources":[{"name":"[concat(parameters('factoryName'), '/copy_adlstosqlpipeline')]","type":"Microsoft.DataFactory/factories/pipelines","apiVersion":"2018-06-01","properties":{"description":"This Pipeline will copy data from ADLS to SQLserver table","activities":[{"name":"adlstosqltable","type":"Copy","dependsOn":[],"policy":{"timeout":"0.12:00:00","retry":0,"retryIntervalInSeconds":30,"secureOutput":false,"secureInput":false},"userProperties":[],"typeProperties":{"source":{"type":"DelimitedTextSource","storeSettings":{"type":"AzureBlobFSReadSettings","recursive":true,"wildcardFolderPath":"sqlfiles","wildcardFileName":"trainer.csv","enablePartitionDiscovery":false},"formatSettings":{"type":"DelimitedTextReadSettings"}},"sink":{"type":"AzureSqlSink","writeBehavior":"insert","sqlWriterUseTableLock":false,"tableOption":"autoCreate","disableMetricsCollection":false},"enableStaging":false,"translator":{"type":"TabularTranslator","typeConversion":true,"typeConversionSettings":{"allowDataTruncation":true,"treatBooleanAsNumber":false}}},"inputs":[{"referenceName":"copy3adlsinput","type":"DatasetReference","parameters":{}}],"outputs":[{"referenceName":"sink_sql","type":"DatasetReference","parameters":{}}]}],"policy":{"elapsedTimeMetric":{}},"annotations":[]},"dependsOn":["[concat(variables('factoryId'), '/datasets/copy3adlsinput')]","[concat(variables('factoryId'), '/datasets/sink_sql')]"]},{"name":"[concat(parameters('factoryName'), '/copy3adlsinput')]","type":"Microsoft.DataFactory/factories/datasets","apiVersion":"2018-06-01","properties":{"linkedServiceName":{"referenceName":"[parameters('ls_adls')]","type":"LinkedServiceReference"},"annotations":[],"type":"DelimitedText","typeProperties":{"location":{"type":"AzureBlobFSLocation","fileName":"trainer.csv","folderPath":"sqlfiles","fileSystem":"copy3"},"columnDelimiter":",","escapeChar":"\\","firstRowAsHeader":true,"quoteChar":"\""},"schema":[]},"dependsOn":[]},{"name":"[concat(parameters('factoryName'), '/sink_sql')]","type":"Microsoft.DataFactory/factories/datasets","apiVersion":"2018-06-01","properties":{"linkedServiceName":{"referenceName":"[parameters('ls_sqldb')]","type":"LinkedServiceReference"},"annotations":[],"type":"AzureSqlTable","schema":[],"typeProperties":{"schema":"dbo","table":"trainer"}},"dependsOn":[]}]}